[{"model": "dgi.dgiuser", "pk": 1, "fields": {"password": "pbkdf2_sha256$30000$NN3PK0hU5e55$+6wVgoOXEE9J+up3lKIG1GoMhUKOJ0EXx1JaJGuWQuU=", "last_login": "2017-03-09T22:25:40.001Z", "is_superuser": false, "username": "habib92m@gmail.com", "first_name": "Tobin", "last_name": "Frost", "email": "habib92m@gmail.com", "is_staff": false, "is_active": true, "date_joined": "2017-03-09T21:59:18.626Z", "groups": [], "user_permissions": []}}, {"model": "dgi.dgiuser", "pk": 2, "fields": {"password": "pbkdf2_sha256$30000$F6Z5nnWVgk2y$1S+ooPbqeSdXfDNGUQU8P/2DJNCguqhWVFZKUmMAgOc=", "last_login": "2017-08-29T13:11:50.235Z", "is_superuser": true, "username": "admin", "first_name": "", "last_name": "", "email": "habib92m@esp.sn", "is_staff": true, "is_active": true, "date_joined": "2017-03-09T22:45:17.243Z", "groups": [], "user_permissions": []}}, {"model": "dgi.dgiuser", "pk": 3, "fields": {"password": "pbkdf2_sha256$30000$IPcz2EkoNsh0$1MNIrhyWvnE1y3+OLJf/vZmAKwlQyy5QmrpD7hkstjk=", "last_login": null, "is_superuser": false, "username": "ali@baba.sn", "first_name": "Ali", "last_name": "Baba", "email": "ali@baba.sn", "is_staff": false, "is_active": true, "date_joined": "2017-03-09T22:57:01.825Z", "groups": [], "user_permissions": []}}, {"model": "dgi.dgiuser", "pk": 4, "fields": {"password": "pbkdf2_sha256$30000$19IzZVbGQvg8$n+8zab81nLUtyZBXh23Z/+deuZu4yOVGndV4mSYZ/uU=", "last_login": null, "is_superuser": false, "username": "ali@baba.com", "first_name": "Ali", "last_name": "Baba", "email": "ali@baba.com", "is_staff": false, "is_active": true, "date_joined": "2017-03-09T23:01:06.859Z", "groups": [], "user_permissions": []}}, {"model": "dgi.dgiuser", "pk": 5, "fields": {"password": "pbkdf2_sha256$30000$UBpqIpRAUeiG$hV9XybUIPB4cBuxPHRQoES9U8sUz9bcOVuuuBz7O5+c=", "last_login": null, "is_superuser": false, "username": "pipi@caca.com", "first_name": "Pipi", "last_name": "Caca", "email": "pipi@caca.com", "is_staff": false, "is_active": true, "date_joined": "2017-03-09T23:06:45.885Z", "groups": [], "user_permissions": []}}, {"model": "dgi.dgiuser", "pk": 6, "fields": {"password": "pbkdf2_sha256$30000$rM6phOR6Cqvt$z2RbaXjG/+et1u65leX3cJtEGq8HssggkScq8ZjSpSE=", "last_login": null, "is_superuser": false, "username": "pipi@caca.sn", "first_name": "pi", "last_name": "pi", "email": "pipi@caca.sn", "is_staff": false, "is_active": true, "date_joined": "2017-03-09T23:16:56.119Z", "groups": [], "user_permissions": []}}, {"model": "dgi.dgiuser", "pk": 7, "fields": {"password": "pbkdf2_sha256$30000$4VAPjy8dbsbg$dapqG9icwHDtLSwmpBzKtYPckZ+zGqK2Fi/kvjN2qOU=", "last_login": null, "is_superuser": false, "username": "sala@b.sn", "first_name": "r", "last_name": "ez", "email": "sala@b.sn", "is_staff": false, "is_active": true, "date_joined": "2017-03-09T23:34:43.014Z", "groups": [], "user_permissions": []}}, {"model": "dgi.dgiuser", "pk": 8, "fields": {"password": "pbkdf2_sha256$30000$n2TluK7bUv6e$zXnveRxLEuNIlf/y+c4rsL4QJZxyLXy8nipacNffuA8=", "last_login": null, "is_superuser": false, "username": "samba.diaw@esp.sn", "first_name": "Samba", "last_name": "Diaw", "email": "samba.diaw@esp.sn", "is_staff": false, "is_active": true, "date_joined": "2017-03-10T11:43:56.526Z", "groups": [], "user_permissions": []}}, {"model": "dgi.dgiuser", "pk": 9, "fields": {"password": "pbkdf2_sha256$30000$kUML1woOns5J$JRfR7NR+TQf4wrOAY1eTHc4vkob//EoRU6RzlRF5tnU=", "last_login": null, "is_superuser": false, "username": "zoulou@zoulo.sn", "first_name": "Zoulo", "last_name": "Zoulo", "email": "zoulou@zoulo.sn", "is_staff": false, "is_active": true, "date_joined": "2017-03-10T11:57:30.341Z", "groups": [], "user_permissions": []}}, {"model": "dgi.dgiuser", "pk": 10, "fields": {"password": "pbkdf2_sha256$30000$rfI1jCLMa3ju$x6UuJSb/BtzhSHa1uHx2Uns1k+ZST1IHgyl9A+xTFhA=", "last_login": null, "is_superuser": false, "username": "zoulo@zoulo.sn", "first_name": "Zoulo", "last_name": "Zoulo", "email": "zoulo@zoulo.sn", "is_staff": false, "is_active": true, "date_joined": "2017-03-10T11:59:10.817Z", "groups": [], "user_permissions": []}}, {"model": "dgi.dgiuser", "pk": 11, "fields": {"password": "pbkdf2_sha256$30000$vovUvk7yHlTU$mF+gT7fb9D4ZWc1Hxj1JvSD6FnMFHIyADuSEq+V0i9w=", "last_login": null, "is_superuser": false, "username": "zoula@zoulo.sn", "first_name": "Zoula", "last_name": "Zoulo", "email": "zoula@zoulo.sn", "is_staff": false, "is_active": true, "date_joined": "2017-03-10T12:01:33.731Z", "groups": [], "user_permissions": []}}, {"model": "dgi.dgiuser", "pk": 12, "fields": {"password": "pbkdf2_sha256$30000$p5UyvZq3i8lH$fsX2E7wGoV7vRNV+YLQGV9iHc7ySCxg4YxhA9pySnA4=", "last_login": null, "is_superuser": false, "username": "alassane.bah@gmail.com", "first_name": "Bah", "last_name": "Alassane", "email": "alassane.bah@gmail.com", "is_staff": false, "is_active": true, "date_joined": "2017-03-10T12:33:11.719Z", "groups": [], "user_permissions": []}}, {"model": "dgi.dgiuser", "pk": 13, "fields": {"password": "pbkdf2_sha256$30000$XJ4pdXzODwM5$YMTNCNh9JXnqHe9/OXTUUWeFslkFkIOq7FXU7ZnNfJw=", "last_login": null, "is_superuser": false, "username": "daouda.badiane@esp.sn", "first_name": "Daouda", "last_name": "Badiane", "email": "daouda.badiane@esp.sn", "is_staff": false, "is_active": true, "date_joined": "2017-03-10T12:45:05.866Z", "groups": [], "user_permissions": []}}, {"model": "dgi.dgiuser", "pk": 14, "fields": {"password": "pbkdf2_sha256$30000$7zVY1uF9Q3yn$GwHowBq8cuu24y7Ak8NFtVK/A0c67ZIQ5AX7Tk1hOto=", "last_login": null, "is_superuser": false, "username": "samba.balde@esp.sn", "first_name": "Samba", "last_name": "BALDE", "email": "samba.balde@esp.sn", "is_staff": false, "is_active": true, "date_joined": "2017-03-10T12:46:24.113Z", "groups": [], "user_permissions": []}}, {"model": "dgi.dgiuser", "pk": 15, "fields": {"password": "pbkdf2_sha256$30000$S7h1Ym1uhMS7$4NuP5xVhA0watFyMr1Ac4hXN3SsAUjDrQbukMC9fFn4=", "last_login": null, "is_superuser": false, "username": "mamadou.samba.camara@esp.sn", "first_name": "Mamadou Samba", "last_name": "Camara", "email": "mamadou.samba.camara@esp.sn", "is_staff": false, "is_active": true, "date_joined": "2017-03-10T12:50:02.305Z", "groups": [], "user_permissions": []}}, {"model": "dgi.dgiuser", "pk": 16, "fields": {"password": "pbkdf2_sha256$30000$EDLEOLiHe9ch$JcwTBylJXDahBqQvlxBcWPyQb5OTlBlTr+mq6jnSmZc=", "last_login": null, "is_superuser": false, "username": "alex.corenthin@esp.sn", "first_name": "Alex Louis", "last_name": "CORENTHIN", "email": "alex.corenthin@esp.sn", "is_staff": false, "is_active": true, "date_joined": "2017-03-10T12:51:57.415Z", "groups": [], "user_permissions": []}}, {"model": "dgi.dgiuser", "pk": 17, "fields": {"password": "pbkdf2_sha256$30000$sAEoKte57cOe$fiOTPWtfIS7jSGmNPWiVSwoO0tbMGeTiKS4yJbn53QE=", "last_login": null, "is_superuser": false, "username": "aminata.diene@esp.sn", "first_name": "Aminata Diop", "last_name": "DIENE", "email": "aminata.diene@esp.sn", "is_staff": false, "is_active": true, "date_joined": "2017-03-10T12:54:01.931Z", "groups": [], "user_permissions": []}}, {"model": "dgi.dgiuser", "pk": 18, "fields": {"password": "pbkdf2_sha256$30000$gxHGTmjQGs3n$vYjnuBIazCaCRE/VfpPigUdI68ipQpHJggnNHQ8GAGI=", "last_login": null, "is_superuser": false, "username": "ibra.dioum@esp.sn", "first_name": "Ibra", "last_name": "DIOUM", "email": "ibra.dioum@esp.sn", "is_staff": false, "is_active": true, "date_joined": "2017-03-10T12:54:59.599Z", "groups": [], "user_permissions": []}}, {"model": "dgi.dgiuser", "pk": 19, "fields": {"password": "pbkdf2_sha256$30000$KdUEVXIGhJ8t$c2pLBv1gPYkyaLTt7VpC5E7sxtSDtmFqQ44HfhifiWE=", "last_login": "2017-03-14T16:36:48.963Z", "is_superuser": false, "username": "ibrahima.fall@esp.sn", "first_name": "Ibrahima", "last_name": "FALL", "email": "ibrahima.fall@esp.sn", "is_staff": false, "is_active": true, "date_joined": "2017-03-10T12:56:50.812Z", "groups": [], "user_permissions": []}}, {"model": "dgi.dgiuser", "pk": 20, "fields": {"password": "pbkdf2_sha256$30000$6BUEPwwSjwuA$v2qlJ8bo3vyjUk8D3DzcEcor1LHA4sgsrRVV0M5BPfo=", "last_login": null, "is_superuser": false, "username": "oumar.fall@esp.sn", "first_name": "Oumar", "last_name": "FALL", "email": "oumar.fall@esp.sn", "is_staff": false, "is_active": true, "date_joined": "2017-03-10T12:58:23.825Z", "groups": [], "user_permissions": []}}, {"model": "dgi.dgiuser", "pk": 21, "fields": {"password": "pbkdf2_sha256$30000$LX4RiRdnVfpK$vUhefeyeeJWrVv4s7fcuUamTA8O+wIsz694PzLL7TUE=", "last_login": null, "is_superuser": false, "username": "sidi.mohamed@esp.sn", "first_name": "Sidi Mohamed", "last_name": "FARSSI", "email": "sidi.mohamed@esp.sn", "is_staff": false, "is_active": true, "date_joined": "2017-03-10T12:59:43.753Z", "groups": [], "user_permissions": []}}, {"model": "dgi.dgiuser", "pk": 22, "fields": {"password": "pbkdf2_sha256$30000$Bt6OEplbofEP$TCioM5LRu+w3I3622nzT9380SEY73HsJahlHZYiO0GM=", "last_login": null, "is_superuser": false, "username": "amadou.thierno.gaye@esp.sn", "first_name": "Amadou Thierno", "last_name": "GAYE", "email": "amadou.thierno.gaye@esp.sn", "is_staff": false, "is_active": true, "date_joined": "2017-03-10T13:01:13.843Z", "groups": [], "user_permissions": []}}, {"model": "dgi.dgiuser", "pk": 23, "fields": {"password": "pbkdf2_sha256$30000$lE14kzvfqIKR$NJO9BfK/18LWDonYrXtPX6ut1FEaGDXooofUExfRKQs=", "last_login": null, "is_superuser": false, "username": "oury.ka@esp.sn", "first_name": "Oury", "last_name": "KA", "email": "oury.ka@esp.sn", "is_staff": false, "is_active": true, "date_joined": "2017-03-10T13:02:10.441Z", "groups": [], "user_permissions": []}}, {"model": "dgi.dgiuser", "pk": 24, "fields": {"password": "pbkdf2_sha256$30000$RD502WRMfxQ2$TCB0y7EJFSiaWsHN5oY6/O0eW0lBIKlolMllnb7FouY=", "last_login": null, "is_superuser": false, "username": "wane.keita@esp.sn", "first_name": "Khadidiatou Wane", "last_name": "KEITA", "email": "wane.keita@esp.sn", "is_staff": false, "is_active": true, "date_joined": "2017-03-10T13:03:26.178Z", "groups": [], "user_permissions": []}}, {"model": "dgi.dgiuser", "pk": 25, "fields": {"password": "pbkdf2_sha256$30000$HsVnepDfLYIj$zZAoGYeuku1GpVMlEv75uvCwQ/42vyUqZrRdgv8m1CM=", "last_login": null, "is_superuser": false, "username": "ahmathbamba.mbacke@gmail.com", "first_name": "Ahmath Bamba", "last_name": "MBACKE", "email": "ahmathbamba.mbacke@gmail.com", "is_staff": false, "is_active": true, "date_joined": "2017-03-10T13:04:57.425Z", "groups": [], "user_permissions": []}}, {"model": "dgi.dgiuser", "pk": 26, "fields": {"password": "pbkdf2_sha256$30000$KETwV37xZZ5n$PX25QyoTriOc5R/i4To1vCWy8V60G9ttWnokLe/JiNY=", "last_login": null, "is_superuser": false, "username": "gervais.mendy@ucad.edu.sn", "first_name": "Gervais", "last_name": "MENDY", "email": "gervais.mendy@ucad.edu.sn", "is_staff": false, "is_active": true, "date_joined": "2017-03-10T13:05:49.226Z", "groups": [], "user_permissions": []}}, {"model": "dgi.dgiuser", "pk": 27, "fields": {"password": "pbkdf2_sha256$30000$TNa2DuN3WOpj$LdU+9lkBCRZvBJA7eTfOyIZjsn93QUC9dRQx89f8pVI=", "last_login": null, "is_superuser": false, "username": "ibrahima.ngom@esp.sn", "first_name": "Ibrahima", "last_name": "NGOM", "email": "ibrahima.ngom@esp.sn", "is_staff": false, "is_active": true, "date_joined": "2017-03-10T13:06:46.388Z", "groups": [], "user_permissions": []}}, {"model": "dgi.dgiuser", "pk": 28, "fields": {"password": "pbkdf2_sha256$30000$hcc04hvyh9r1$Y/wt/jiIyzG/ZMmGfKenzBvThm/FBWPGoMRNmpGJ++4=", "last_login": null, "is_superuser": false, "username": "mamadou.niang@esp.sn", "first_name": "Mamadou", "last_name": "NIANG", "email": "mamadou.niang@esp.sn", "is_staff": false, "is_active": true, "date_joined": "2017-03-10T13:07:37.029Z", "groups": [], "user_permissions": []}}, {"model": "dgi.dgiuser", "pk": 29, "fields": {"password": "pbkdf2_sha256$30000$NHUbnNuJL1Lq$aS5SGJjMF5dW6RUzmgnBkxqeea4VcFtOjyfsC0z+RrQ=", "last_login": null, "is_superuser": false, "username": "samuel.ouya@esp.sn", "first_name": "Samuel", "last_name": "OUYA", "email": "samuel.ouya@esp.sn", "is_staff": false, "is_active": true, "date_joined": "2017-03-10T13:08:26.970Z", "groups": [], "user_permissions": []}}, {"model": "dgi.dgiuser", "pk": 30, "fields": {"password": "pbkdf2_sha256$30000$wOKN80DjA839$ydGHdorWxjA43/777jDBqWnagdr/RORJyGAMyPTHpU0=", "last_login": null, "is_superuser": false, "username": "oumar.sarr@esp.sn", "first_name": "Oumar", "last_name": "SARR", "email": "oumar.sarr@esp.sn", "is_staff": false, "is_active": true, "date_joined": "2017-03-10T13:09:24.727Z", "groups": [], "user_permissions": []}}, {"model": "dgi.dgiuser", "pk": 31, "fields": {"password": "pbkdf2_sha256$30000$1oZhgxlbUmD1$/rVr3N13mY/zSMMtuXT02r8S6J/8hq1OFbuUf00rJ0M=", "last_login": null, "is_superuser": false, "username": "mame.ndella.niang@esp.sn", "first_name": "Mame \u00a0Ndella", "last_name": "SECK", "email": "mame.ndella.niang@esp.sn", "is_staff": false, "is_active": true, "date_joined": "2017-03-10T13:10:18.003Z", "groups": [], "user_permissions": []}}, {"model": "dgi.dgiuser", "pk": 32, "fields": {"password": "pbkdf2_sha256$30000$rLhTZLT7Tf7Z$Me8Tm3Hw/mwiY/Jxp09k4Y484Ln7IqjR5DlHE7IUYGM=", "last_login": null, "is_superuser": false, "username": "mohamed.tidiane.seck@esp.sn", "first_name": "Mohamed Tidiane", "last_name": "SECK", "email": "mohamed.tidiane.seck@esp.sn", "is_staff": false, "is_active": true, "date_joined": "2017-03-10T13:11:10.860Z", "groups": [], "user_permissions": []}}, {"model": "dgi.dgiuser", "pk": 34, "fields": {"password": "pbkdf2_sha256$36000$vRCwvoF9gpsM$S53/66WWqe4WEw27txZOnrjo6YoVdM5oFO5EbztWhTM=", "last_login": "2017-06-19T09:24:58.591Z", "is_superuser": true, "username": "h@gmail.com", "first_name": "", "last_name": "", "email": "h@gmail.com", "is_staff": true, "is_active": true, "date_joined": "2017-06-17T21:24:09.557Z", "groups": [], "user_permissions": []}}, {"model": "dgi.agent", "pk": 2, "fields": {"compte": 8, "matricule": "178 102/A", "telephone": "775424519", "profession": 1, "is_laborantin": false, "curriculum": "<p><strong>Nom</strong> : DIAW</p>\r\n<p>&nbsp;<strong>Pr&eacute;nom (s)</strong> : SAMBA</p>\r\n<p>&nbsp;</p>\r\n<p>&nbsp;<strong>Nationalit&eacute;</strong> : SENEGALAISE</p>\r\n<p>&nbsp;</p>\r\n<p>&nbsp;<strong>E-mail</strong>: samba.diaw@esp.sn</p>\r\n<p>&nbsp;</p>\r\n<p>&nbsp;<strong>Adresse personnelle</strong> : &nbsp;Ecole Sup&eacute;rieure Polytechnique, D&eacute;partement G&eacute;nie Informatique&nbsp;</p>\r\n<p>&nbsp;</p>\r\n<p>&nbsp; &nbsp; &nbsp; &nbsp; &nbsp; &nbsp; &nbsp; &nbsp; &nbsp; &nbsp; &nbsp; &nbsp; &nbsp; &nbsp; &nbsp; &nbsp; &nbsp; &nbsp; &nbsp; &nbsp; &nbsp;BP : 5085 dakar-fann / Tel : (+221) 33 869 24 00 / Fax : (+221) 33 825 55 94</p>\r\n<p>&nbsp;</p>\r\n<p><strong>Fonction actuelle</strong>: &nbsp; Depuis Janvier 2014, je suis Ma&icirc;tre-Assistant &agrave; l'Ecole Sup&eacute;rieure Polytechnique au D&eacute;partement G&eacute;nie Informatique</p>\r\n<p>&nbsp;</p>\r\n<p><strong>&nbsp;DIPL&Ocirc;MES OBTENUS</strong></p>\r\n<p>&nbsp;</p>\r\n<p>&nbsp; &nbsp; 1. DOCTORAT: Universit&eacute; de Toulouse, France, 2011, Mention Tr&egrave;s Honorable</p>\r\n<p>&nbsp;</p>\r\n<p>&nbsp; &nbsp; 2. Dipl&ocirc;me d&rsquo;Ing&eacute;nieur de Conception (DIC) Sp&eacute;cialit&eacute; : G&eacute;nie Informatique: Ecole Sup&eacute;rieure Polytechnique de Dakar,S&eacute;n&eacute;gal, 2005</p>\r\n<p>&nbsp;</p>\r\n<p>&nbsp; &nbsp; 3. DEUG Sp&eacute;cialit&eacute; : Math&eacute;matiques-Informatique Universit&eacute; Gaston Berger de Saint-Louis, S&eacute;n&eacute;gal, 2002, Mention BIEN</p>\r\n<p>&nbsp;</p>\r\n<p>&nbsp; &nbsp; 4. Baccalaur&eacute;at S&eacute;rie : S1 (Math&eacute;matiques -Sciences Physiques)Lyc&eacute;e Malick SALL de Louga, S&eacute;n&eacute;gal, 2000, Mention PASABLE</p>\r\n<p>&nbsp;</p>\r\n<p>&nbsp;THESE DE DOCTORAT</p>\r\n<p>&nbsp;</p>\r\n<p>&nbsp;INTITULE EXACT DE LA THESE : Doctorat Unique</p>\r\n<p>&nbsp;</p>\r\n<p>&nbsp;TITRE : SPEM4MDE : Un m&eacute;tamod&egrave;le et un environnement pour la mod&eacute;lisation et la mise en &oelig;uvre assist&eacute;e de processus IDM</p>\r\n<p>&nbsp;</p>\r\n<p>&nbsp; Nom du Directeur de Th&egrave;se : Bernard COULETTE</p>\r\n<p>&nbsp;</p>\r\n<p>&nbsp; Composition du Jury</p>\r\n<p>&nbsp;</p>\r\n<p>&nbsp;Rapporteurs :</p>\r\n<p>&nbsp;</p>\r\n<p>Franck BARBIER &nbsp; &nbsp;Professeur &agrave; l&rsquo;Universit&eacute; de Pau et des Pays de l&rsquo;Adour</p>\r\n<p>&nbsp;</p>\r\n<p>Jacky ESTUBLIER &nbsp; Directeur de Recherche CNRS &agrave; l&rsquo;Universit&eacute; de Grenoble</p>\r\n<p>&nbsp;</p>\r\n<p>&nbsp;Examinateurs :</p>\r\n<p>&nbsp;</p>\r\n<p>Bernard COULETTE (Directeur) Professeur &agrave; l'Universit&eacute; de Toulouse II-Le Mirail</p>\r\n<p>&nbsp;</p>\r\n<p>Salomon SAMBOU (Co-directeur) Professeur &agrave; l&rsquo;Universit&eacute; de Ziguinchor, S&eacute;n&eacute;gal</p>\r\n<p>&nbsp;</p>\r\n<p>Redouane LBATH (Encadrant) &nbsp; Ma&icirc;tre de Conf&eacute;rences &agrave; l'Universit&eacute; de Toulouse I Moussa LO &nbsp; &nbsp; &nbsp;Professeur &agrave; l'Universit&eacute; Gaston Berger, S&eacute;n&eacute;gal</p>\r\n<p>&nbsp;</p>\r\n<p>Amadou COULIBALY &nbsp;Ma&icirc;tre de Conf&eacute;rences (HDR) &agrave; l&rsquo;INSA de Strasbourg</p>\r\n<p>&nbsp;</p>\r\n<p>&nbsp;Date et lieu de soutenance : 21 Octobre 2011 &agrave; 14 H, UPS &ndash; IRIT - Salle des th&egrave;ses - 118 Route de Narbonne &ndash; 31062 Toulouse CEDEX 9, FRANCE</p>\r\n<p>&nbsp;</p>\r\n<p><strong>FONCTIONS ANTERIEUREMENT EXERCEES</strong></p>\r\n<p>&nbsp;</p>\r\n<p>2007-2013: Enseignant-Chercheur au D&eacute;partement Informatique et Directeur du Centre de Ressources Informatiques (CRI) de l'Universit&eacute; Assane SECK de Ziguinchor (UASZ)</p>\r\n<p><strong>Missions</strong>:</p>\r\n<p>Responsable du Volet TIC dans le cadre du CDP (Contrat De performance)</p>\r\n<p>Conduire la politique d'informatisation de l'UASZ</p>\r\n<p>R&eacute;diger le cahier de charges pour la mise en place d'un nouveau r&eacute;seau informatique&nbsp;</p>\r\n<p>R&eacute;diger le LLD pour la mise en place &nbsp;d'un datacenter et d'antennes wifi &nbsp;</p>\r\n<p>R&eacute;diger le cahier des charges pour la virtualisation des salles informatiques</p>\r\n<p>R&eacute;diger le cahier des charges pour l'&eacute;quipement des salles p&eacute;dagogiques en technologie de derni&egrave;re g&eacute;n&eacute;ration</p>\r\n<p>2005 -2006: &nbsp;Administrateur Bases de donn&eacute;es &agrave; Salama-Assurances au S&eacute;n&eacute;gal (ex SOSAR).&nbsp;</p>\r\n<p><strong>Missions</strong>:&nbsp;</p>\r\n<p>Param&eacute;trage du progiciel ORASS (syst&egrave;me int&eacute;gr&eacute; de gestion des compagnies d&rsquo;assurance) a</p>\r\n<p>&nbsp;Administration de la base de donn&eacute;es associ&eacute;e &agrave; ORASS.</p>\r\n<p>D&eacute;ploiement de Orass au niveau du site principal et dans les agences r&eacute;gionales</p>\r\n<p>Formation et conseil aux utilisateurs de Orass</p>\r\n<p><strong>MISSIONS ET STAGES</strong></p>\r\n<p>31 Janvier au 1er F&eacute;vrier 2008: &nbsp;Formation sur Objecteering MDA Modeler version 6.1 &agrave; Paris&nbsp;</p>\r\n<p>09 Septembre au 18 Septembre 2005: &nbsp;Formation sur un Progiciel Orass (Oracle-Assurance) &agrave; Tunis&nbsp;</p>\r\n<p>F&eacute;vrier 2005-Juin 2005 : Stage de fin de cycle Ing&eacute;nieur de Conception au laboratoire GRIMM-ISYCOM &agrave; l&rsquo;Universit&eacute; Toulouse II</p>\r\n<p>20005: S&eacute;minaire de certification Microsoft SQL Serveur 2000 avec CFAO-Technologies &nbsp;&agrave; l&rsquo;ESP, Dakar, S&eacute;n&eacute;gal</p>\r\n<p>2005: S&eacute;minaire de certification Microsoft Exchange Server 2000 avec CFAO-Technologies &agrave; l&rsquo;ESP, Dakar, S&eacute;n&eacute;gal</p>\r\n<p>Ao&ucirc;t 2004 &ndash; Septembre 2004 : Stagiaire DOTNET &agrave; la Soci&eacute;t&eacute; Strat&eacute;gies et Solutions Informatiques (2SI), S&eacute;n&eacute;gal</p>\r\n<p>Ao&ucirc;t 2003 : Stagiaire en R&eacute;seaux &agrave; la DRNTD de la Radiodiffusion T&eacute;l&eacute;vision S&eacute;n&eacute;galaise (RTS)</p>\r\n<p><strong>DIVERS</strong></p>\r\n<p>&nbsp;Membre du &nbsp;comit&eacute; scientifique du Colloque National sur la Recherche en Informatique et ses Applications (CNRIA 2012) (http://cnria.cci.ucad.sn/)</p>\r\n<p>Membre du comit&eacute; de &nbsp;programme &nbsp;du workshop &laquo;First Conference Track on Collaborative Software Processes-CSP'2012 &raquo; (http://www.irit.fr/CSP2013/).</p>\r\n<p>&nbsp;Membre du comit&eacute; de &nbsp;programme &nbsp;du Workshop &ldquo;Process-based approaches for Model-Driven Engineering&rdquo;</p>\r\n<p>&nbsp;Membre du Laboratoire d&rsquo;Informatique et d&rsquo;Ing&eacute;nierie pour l&rsquo;Innovation (LI3) de l&rsquo;Universit&eacute; Assane SECK de Ziguinchor</p>", "cv": "<p>Nom : DIAW</p>\r\n<p>&nbsp;Pr&eacute;nom (s) : SAMBA</p>\r\n<p>&nbsp;</p>\r\n<p>&nbsp;Nationalit&eacute; : SENEGALAISE</p>\r\n<p>&nbsp;</p>\r\n<p>&nbsp;E-mail: samba.diaw@esp.sn</p>\r\n<p>&nbsp;</p>\r\n<p>&nbsp;Adresse personnelle : &nbsp;Ecole Sup&eacute;rieure Polytechnique, D&eacute;partement G&eacute;nie Informatique&nbsp;</p>\r\n<p>&nbsp;</p>\r\n<p>&nbsp; &nbsp; &nbsp; &nbsp; &nbsp; &nbsp; &nbsp; &nbsp; &nbsp; &nbsp; &nbsp; &nbsp; &nbsp; &nbsp; &nbsp; &nbsp; &nbsp; &nbsp; &nbsp; &nbsp; &nbsp;BP : 5085 dakar-fann / Tel : (+221) 33 869 24 00 / Fax : (+221) 33 825 55 94</p>\r\n<p>&nbsp;</p>\r\n<p>Fonction actuelle: &nbsp; Depuis Janvier 2014, je suis Ma&icirc;tre-Assistant &agrave; l'Ecole Sup&eacute;rieure Polytechnique au D&eacute;partement G&eacute;nie Informatique</p>\r\n<p>&nbsp;</p>\r\n<p>&nbsp;DIPL&Ocirc;MES OBTENUS</p>\r\n<p>&nbsp;</p>\r\n<p>&nbsp; &nbsp; 1. DOCTORAT: Universit&eacute; de Toulouse, France, 2011, Mention Tr&egrave;s Honorable</p>\r\n<p>&nbsp;</p>\r\n<p>&nbsp; &nbsp; 2. Dipl&ocirc;me d&rsquo;Ing&eacute;nieur de Conception (DIC) Sp&eacute;cialit&eacute; : G&eacute;nie Informatique: Ecole Sup&eacute;rieure Polytechnique de Dakar,S&eacute;n&eacute;gal, 2005</p>\r\n<p>&nbsp;</p>\r\n<p>&nbsp; &nbsp; 3. DEUG Sp&eacute;cialit&eacute; : Math&eacute;matiques-Informatique Universit&eacute; Gaston Berger de Saint-Louis, S&eacute;n&eacute;gal, 2002, Mention BIEN</p>\r\n<p>&nbsp;</p>\r\n<p>&nbsp; &nbsp; 4. Baccalaur&eacute;at S&eacute;rie : S1 (Math&eacute;matiques -Sciences Physiques)Lyc&eacute;e Malick SALL de Louga, S&eacute;n&eacute;gal, 2000, Mention PASABLE</p>\r\n<p>&nbsp;</p>\r\n<p>&nbsp;THESE DE DOCTORAT</p>\r\n<p>&nbsp;</p>\r\n<p>&nbsp;INTITULE EXACT DE LA THESE : Doctorat Unique</p>\r\n<p>&nbsp;</p>\r\n<p>&nbsp;TITRE : SPEM4MDE : Un m&eacute;tamod&egrave;le et un environnement pour la mod&eacute;lisation et la mise en &oelig;uvre assist&eacute;e de processus IDM</p>\r\n<p>&nbsp;</p>\r\n<p>&nbsp; Nom du Directeur de Th&egrave;se : Bernard COULETTE</p>\r\n<p>&nbsp;</p>\r\n<p>&nbsp; Composition du Jury</p>\r\n<p>&nbsp;</p>\r\n<p>&nbsp;Rapporteurs :</p>\r\n<p>&nbsp;</p>\r\n<p>Franck BARBIER &nbsp; &nbsp;Professeur &agrave; l&rsquo;Universit&eacute; de Pau et des Pays de l&rsquo;Adour</p>\r\n<p>&nbsp;</p>\r\n<p>Jacky ESTUBLIER &nbsp; Directeur de Recherche CNRS &agrave; l&rsquo;Universit&eacute; de Grenoble</p>\r\n<p>&nbsp;</p>\r\n<p>&nbsp;Examinateurs :</p>\r\n<p>&nbsp;</p>\r\n<p>Bernard COULETTE (Directeur) Professeur &agrave; l'Universit&eacute; de Toulouse II-Le Mirail</p>\r\n<p>&nbsp;</p>\r\n<p>Salomon SAMBOU (Co-directeur) Professeur &agrave; l&rsquo;Universit&eacute; de Ziguinchor, S&eacute;n&eacute;gal</p>\r\n<p>&nbsp;</p>\r\n<p>Redouane LBATH (Encadrant) &nbsp; Ma&icirc;tre de Conf&eacute;rences &agrave; l'Universit&eacute; de Toulouse I Moussa LO &nbsp; &nbsp; &nbsp;Professeur &agrave; l'Universit&eacute; Gaston Berger, S&eacute;n&eacute;gal</p>\r\n<p>&nbsp;</p>\r\n<p>Amadou COULIBALY &nbsp;Ma&icirc;tre de Conf&eacute;rences (HDR) &agrave; l&rsquo;INSA de Strasbourg</p>\r\n<p>&nbsp;</p>\r\n<p>&nbsp;Date et lieu de soutenance : 21 Octobre 2011 &agrave; 14 H, UPS &ndash; IRIT - Salle des th&egrave;ses - 118 Route de Narbonne &ndash; 31062 Toulouse CEDEX 9, FRANCE</p>\r\n<p>&nbsp;</p>\r\n<p><strong>FONCTIONS ANTERIEUREMENT EXERCEES</strong></p>\r\n<p>&nbsp;</p>\r\n<p>2007-2013: Enseignant-Chercheur au D&eacute;partement Informatique et Directeur du Centre de Ressources Informatiques (CRI) de l'Universit&eacute; Assane SECK de Ziguinchor (UASZ)</p>\r\n<p><strong>Missions</strong>:</p>\r\n<p>Responsable du Volet TIC dans le cadre du CDP (Contrat De performance)</p>\r\n<p>Conduire la politique d'informatisation de l'UASZ</p>\r\n<p>R&eacute;diger le cahier de charges pour la mise en place d'un nouveau r&eacute;seau informatique&nbsp;</p>\r\n<p>R&eacute;diger le LLD pour la mise en place &nbsp;d'un datacenter et d'antennes wifi &nbsp;</p>\r\n<p>R&eacute;diger le cahier des charges pour la virtualisation des salles informatiques</p>\r\n<p>R&eacute;diger le cahier des charges pour l'&eacute;quipement des salles p&eacute;dagogiques en technologie de derni&egrave;re g&eacute;n&eacute;ration</p>\r\n<p>2005 -2006: &nbsp;Administrateur Bases de donn&eacute;es &agrave; Salama-Assurances au S&eacute;n&eacute;gal (ex SOSAR).&nbsp;</p>\r\n<p><strong>Missions</strong>:&nbsp;</p>\r\n<p>Param&eacute;trage du progiciel ORASS (syst&egrave;me int&eacute;gr&eacute; de gestion des compagnies d&rsquo;assurance) a</p>\r\n<p>&nbsp;Administration de la base de donn&eacute;es associ&eacute;e &agrave; ORASS.</p>\r\n<p>D&eacute;ploiement de Orass au niveau du site principal et dans les agences r&eacute;gionales</p>\r\n<p>Formation et conseil aux utilisateurs de Orass</p>\r\n<p><strong>MISSIONS ET STAGES</strong></p>\r\n<p>31 Janvier au 1er F&eacute;vrier 2008: &nbsp;Formation sur Objecteering MDA Modeler version 6.1 &agrave; Paris&nbsp;</p>\r\n<p>09 Septembre au 18 Septembre 2005: &nbsp;Formation sur un Progiciel Orass (Oracle-Assurance) &agrave; Tunis&nbsp;</p>\r\n<p>F&eacute;vrier 2005-Juin 2005 : Stage de fin de cycle Ing&eacute;nieur de Conception au laboratoire GRIMM-ISYCOM &agrave; l&rsquo;Universit&eacute; Toulouse II</p>\r\n<p>20005: S&eacute;minaire de certification Microsoft SQL Serveur 2000 avec CFAO-Technologies &nbsp;&agrave; l&rsquo;ESP, Dakar, S&eacute;n&eacute;gal</p>\r\n<p>2005: S&eacute;minaire de certification Microsoft Exchange Server 2000 avec CFAO-Technologies &agrave; l&rsquo;ESP, Dakar, S&eacute;n&eacute;gal</p>\r\n<p>Ao&ucirc;t 2004 &ndash; Septembre 2004 : Stagiaire DOTNET &agrave; la Soci&eacute;t&eacute; Strat&eacute;gies et Solutions Informatiques (2SI), S&eacute;n&eacute;gal</p>\r\n<p>Ao&ucirc;t 2003 : Stagiaire en R&eacute;seaux &agrave; la DRNTD de la Radiodiffusion T&eacute;l&eacute;vision S&eacute;n&eacute;galaise (RTS)</p>\r\n<p><strong>DIVERS</strong></p>\r\n<p>&nbsp;Membre du &nbsp;comit&eacute; scientifique du Colloque National sur la Recherche en Informatique et ses Applications (CNRIA 2012) (http://cnria.cci.ucad.sn/)</p>\r\n<p>Membre du comit&eacute; de &nbsp;programme &nbsp;du workshop &laquo;First Conference Track on Collaborative Software Processes-CSP'2012 &raquo; (http://www.irit.fr/CSP2013/).</p>\r\n<p>&nbsp;Membre du comit&eacute; de &nbsp;programme &nbsp;du Workshop &ldquo;Process-based approaches for Model-Driven Engineering&rdquo;</p>\r\n<p>&nbsp;Membre du Laboratoire d&rsquo;Informatique et d&rsquo;Ing&eacute;nierie pour l&rsquo;Innovation (LI3) de l&rsquo;Universit&eacute; Assane SECK de Ziguinchor</p>", "parcours_pro": "<ul style=\"font-family: Arial, Verdana, sans-serif; font-size: 13.3333px;\">\r\n<li><span style=\"font-family: arial, sans-serif; font-size: small; background-color: transparent; line-height: 14.95px;\">Depuis &nbsp;Janvier 2014, Ma&icirc;tre-Assistant au D&eacute;partement G&eacute;nie Informatique de l'ESP de DAKAR</span></li>\r\n</ul>\r\n<ul style=\"font-family: Arial, Verdana, sans-serif; font-size: 13.3333px;\">\r\n<li><span style=\"font-family: arial, sans-serif; font-size: small; background-color: transparent; line-height: 14.95px;\">Janvier 2007 - D&eacute;cembre 2013: Enseignant-Chercheur &agrave; l'Universit&eacute; Assane SECK de Ziguinchor</span></li>\r\n</ul>\r\n<ul style=\"font-family: Arial, Verdana, sans-serif; font-size: 13.3333px;\">\r\n<li><span style=\"font-family: arial, sans-serif; font-size: small; background-color: transparent; line-height: 14.95px;\">Septembre 2005 - D&eacute;cembre 2006 : Administrateur Bases de donn&eacute;es &agrave; Salama-Assurances au S&eacute;n&eacute;gal (ex SOSAR).</span></li>\r\n</ul>\r\n<ul style=\"font-family: Arial, Verdana, sans-serif; font-size: 13.3333px;\">\r\n<li><span style=\"font-family: arial, sans-serif; font-size: small; background-color: transparent; line-height: 14.95px;\">F&eacute;vier 2005-Juin 2005&nbsp;: Stage de fin de cycle Ing&eacute;nieur de Conception au laboratoire GRIMM-ISYCOM &agrave; l&rsquo;Universit&eacute; Toulouse II</span></li>\r\n</ul>\r\n<ul style=\"font-family: Arial, Verdana, sans-serif; font-size: 13.3333px;\">\r\n<li><span style=\"font-family: arial, sans-serif; font-size: small; background-color: transparent; line-height: 14.95px;\">Ao&ucirc;t 2004 &ndash; Septembre 2004 : Stagiaire DOTNET &agrave; la Soci&eacute;t&eacute; Strat&eacute;gies et Solutions Informatiques (2SI), S&eacute;n&eacute;gal</span></li>\r\n</ul>\r\n<ul style=\"font-family: Arial, Verdana, sans-serif; font-size: 13.3333px;\">\r\n<li><span style=\"font-family: arial, sans-serif; font-size: small; background-color: transparent; line-height: 14.95px;\">Ao&ucirc;t 2003 : Stagiaire en R&eacute;seaux &agrave; la DRNTD de la Radiodiffusion T&eacute;l&eacute;vision S&eacute;n&eacute;galaise (RTS)</span></li>\r\n</ul>", "parcours_aca": "<p style=\"font-family: Arial, Verdana, sans-serif; font-size: 13.3333px;\"><span style=\"color: #000000; font-family: arial, sans-serif;\">1.&nbsp;DOCTORAT:&nbsp;<span style=\"background-color: transparent; line-height: 1.5; font-size: 10pt;\">Universit&eacute; de Toulouse, France, 2011, Mention&nbsp;</span><span style=\"background-color: transparent; line-height: 1.5; font-size: 10pt;\">Tr&egrave;s Honorable</span></span></p>\r\n<p style=\"font-family: Arial, Verdana, sans-serif; font-size: 13.3333px;\"><span style=\"color: #000000; font-family: arial, sans-serif;\">2. Dipl&ocirc;me d&rsquo;Ing&eacute;nieur de Conception (DIC) Sp&eacute;cialit&eacute; : G&eacute;nie Informatique:&nbsp;<span style=\"background-color: transparent; line-height: 1.5; font-size: 10pt;\">Ecole Sup&eacute;rieure Polytechnique de Dakar,S&eacute;n&eacute;gal, 2005</span></span></p>\r\n<p style=\"font-family: Arial, Verdana, sans-serif; font-size: 13.3333px;\"><span style=\"color: #000000; font-family: arial, sans-serif;\">3. DEUG Sp&eacute;cialit&eacute; : Math&eacute;matiques-Informatique&nbsp;<span style=\"background-color: transparent; line-height: 1.5; font-size: 10pt;\">Universit&eacute; Gaston Berger de Saint-Louis, S&eacute;n&eacute;gal, 2002, Mention&nbsp;</span><span style=\"background-color: transparent; line-height: 1.5; font-size: 10pt;\">BIEN</span></span></p>\r\n<p style=\"font-family: Arial, Verdana, sans-serif; font-size: 13.3333px;\"><span style=\"color: #000000; font-family: arial, sans-serif;\">4. Baccalaur&eacute;at S&eacute;rie : S1 (Math&eacute;matiques -Sciences Physiques)<span style=\"background-color: transparent; line-height: 1.5; font-size: 10pt;\">Lyc&eacute;e Malick SALL de Louga, S&eacute;n&eacute;gal, 2000, Mention&nbsp;</span><span style=\"background-color: transparent; line-height: 1.5; font-size: 10pt;\">PASABLE</span></span></p>", "enseignements": "<table style=\"margin: 0px; color: #000000; font-family: Arial, Verdana, sans-serif; font-size: 13.3333px; border-collapse: collapse; border-color: #888888; border-width: 1px;\" border=\"1\" cellspacing=\"0\">\r\n<tbody>\r\n<tr>\r\n<td style=\"vertical-align: top; width: 156px; height: 14px;\">&nbsp;<span style=\"background-color: #cccccc;\">Classe</span></td>\r\n<td style=\"vertical-align: top; width: 339px; height: 14px;\"><span style=\"background-color: #cccccc;\">&nbsp;Mati&egrave;re</span></td>\r\n<td style=\"vertical-align: top; width: 60px; height: 14px;\"><span style=\"background-color: #cccccc;\">&nbsp;Volume</span></td>\r\n</tr>\r\n<tr>\r\n<td style=\"vertical-align: top; width: 156px; height: 29px;\">&nbsp;DUT INFORMATIQUE&nbsp;</td>\r\n<td style=\"vertical-align: top; width: 339px; height: 29px;\">&nbsp;Techniques Compl&eacute;mentaires de Production de Logiciels</td>\r\n<td style=\"vertical-align: top; width: 60px; height: 29px;\">&nbsp;</td>\r\n</tr>\r\n<tr>\r\n<td style=\"vertical-align: top; width: 156px; height: 14px;\">&nbsp;<span style=\"font-size: 13.3333px;\">DUT INFORMATIQUE&nbsp;</span></td>\r\n<td style=\"vertical-align: top; width: 339px; height: 14px;\">Programmation Orient&eacute;e-Objet JAVA&nbsp;</td>\r\n<td style=\"vertical-align: top; width: 60px; height: 14px;\">&nbsp;</td>\r\n</tr>\r\n<tr>\r\n<td style=\"vertical-align: top; width: 156px; height: 14px;\">&nbsp;<span style=\"font-size: 13.3333px;\">DUT INFORMATIQUE&nbsp;</span></td>\r\n<td style=\"vertical-align: top; width: 339px; height: 14px;\">&nbsp;Int&eacute;gration des SGBD dans les LP</td>\r\n<td style=\"vertical-align: top; width: 60px; height: 14px;\">&nbsp;</td>\r\n</tr>\r\n<tr>\r\n<td style=\"vertical-align: top; width: 156px; height: 14px;\">&nbsp;DST INFORMATIQUE</td>\r\n<td style=\"vertical-align: top; width: 339px; height: 14px;\">&nbsp;Mod&eacute;lisation des Syst&egrave;mes Informatiques</td>\r\n<td style=\"vertical-align: top; width: 60px; height: 14px;\">&nbsp;</td>\r\n</tr>\r\n<tr>\r\n<td style=\"vertical-align: top; width: 156px; height: 29px;\">&nbsp;<span style=\"font-size: 13.3333px;\">DST INFORMATIQUE</span></td>\r\n<td style=\"vertical-align: top; width: 339px; height: 29px;\">&nbsp;<span style=\"font-size: 13.3333px;\">Techniques Compl&eacute;mentaires de Production de Logiciels</span></td>\r\n<td style=\"vertical-align: top; width: 60px; height: 29px;\">&nbsp;</td>\r\n</tr>\r\n<tr>\r\n<td style=\"vertical-align: top; width: 156px; height: 14px;\">&nbsp;DST INFORMATIQUE</td>\r\n<td style=\"vertical-align: top; width: 339px; height: 14px;\">&nbsp;<span style=\"font-size: 13.3333px;\">Int&eacute;gration des SGBD dans les LP</span></td>\r\n<td style=\"vertical-align: top; width: 60px; height: 14px;\">&nbsp;</td>\r\n</tr>\r\n<tr>\r\n<td style=\"vertical-align: top; width: 156px; height: 14px;\">&nbsp;DUT T&eacute;l&eacute;coms-R&eacute;seaux</td>\r\n<td style=\"vertical-align: top; width: 339px; height: 14px;\">&nbsp;<span style=\"font-size: 13.3333px;\">Programmation Orient&eacute;e-Objet JAVA&nbsp;</span></td>\r\n<td style=\"vertical-align: top; width: 60px; height: 14px;\">&nbsp;</td>\r\n</tr>\r\n<tr>\r\n<td style=\"vertical-align: top; width: 156px; height: 14px;\">&nbsp;DUT&nbsp;<span style=\"font-size: 13.3333px;\">T&eacute;l&eacute;coms-R&eacute;seaux</span></td>\r\n<td style=\"vertical-align: top; width: 339px; height: 14px;\">&nbsp;Application Informatique Encadr&eacute;e</td>\r\n<td style=\"vertical-align: top; width: 60px; height: 14px;\">&nbsp;</td>\r\n</tr>\r\n<tr>\r\n<td style=\"vertical-align: top;\">&nbsp;DST&nbsp;<span style=\"font-size: 13.3333px;\">T&eacute;l&eacute;coms-R&eacute;seaux</span></td>\r\n<td style=\"vertical-align: top;\">&nbsp;<span style=\"font-size: 13.3333px;\">Programmation Orient&eacute;e-Objet JAVA&nbsp;</span></td>\r\n<td style=\"vertical-align: top;\">&nbsp;</td>\r\n</tr>\r\n<tr>\r\n<td style=\"vertical-align: top;\">&nbsp;<span style=\"font-size: 13.3333px;\">&nbsp;DST&nbsp;</span><span style=\"font-size: 13.3333px;\">T&eacute;l&eacute;coms-R&eacute;seaux</span></td>\r\n<td style=\"vertical-align: top;\">&nbsp;<span style=\"font-size: 13.3333px;\">Application Informatique Encadr&eacute;e</span></td>\r\n<td style=\"vertical-align: top;\">&nbsp;</td>\r\n</tr>\r\n</tbody>\r\n</table>\r\n<p>&nbsp;</p>", "recherches": "<h3 id=\"sites-page-title-header\" style=\"font-size: 22px; margin: 0px; padding: 3px 10px; font-family: Arial, Verdana, sans-serif;\" align=\"left\"><span id=\"sites-page-title\" style=\"outline: none;\" dir=\"ltr\">Recherches</span></h3>\r\n<div id=\"sites-canvas-main\" class=\"sites-canvas-main\" style=\"background-position: initial; background-size: initial; background-repeat: initial; background-attachment: initial; background-origin: initial; background-clip: initial; overflow: hidden; min-height: 150px; padding-bottom: 5px; padding-top: 15px; font-family: Arial, Verdana, sans-serif; font-size: 13.3333px; background-image: none !important;\">\r\n<div id=\"sites-canvas-main-content\">\r\n<table class=\"sites-layout-name-one-column sites-layout-hbox\" style=\"width: 1183px; table-layout: fixed; margin: 0px;\" cellspacing=\"0\">\r\n<tbody>\r\n<tr>\r\n<td class=\"sites-layout-tile sites-tile-name-content-1\" style=\"vertical-align: top; padding: 10px;\">\r\n<div dir=\"ltr\">\r\n<ul>\r\n<li style=\"text-align: left;\"><span style=\"color: #000000; font-family: arial, sans-serif; font-size: small;\"><span style=\"background-color: transparent; line-height: 1.5;\"><span style=\"line-height: normal;\">&nbsp;</span><span style=\"line-height: normal;\">M</span></span><span style=\"background-color: transparent; line-height: 1.5;\">embre du&nbsp; comit&eacute; scientifique du C<em>olloque National sur la Recherche en Informatique et ses Applications</em>&nbsp;(CNRIA 2012) (http://cnria.cci.ucad.sn/)</span></span></li>\r\n<li style=\"text-align: left;\"><span style=\"color: #000000; font-family: arial, sans-serif; font-size: small;\"><span style=\"background-color: transparent; line-height: 1.5;\"><span style=\"line-height: normal;\">&nbsp;</span></span><span style=\"background-color: transparent; line-height: 1.5;\">Membre du comit&eacute; de&nbsp; programme&nbsp; du workshop &laquo;First Conference Track on Collaborative Software Processes-CSP'2012&nbsp;&raquo; (http://www.irit.fr/CSP2013/).</span></span></li>\r\n<li style=\"text-align: left;\"><span style=\"color: #000000; font-family: arial, sans-serif; font-size: small;\"><span style=\"background-color: transparent; line-height: 1.5;\">&nbsp;</span><span style=\"background-color: transparent; line-height: 1.5;\">Membre du comit&eacute; de&nbsp; programme&nbsp; du</span><span style=\"background-color: transparent; line-height: 1.5;\">&nbsp;W</span><span style=\"background-color: transparent; line-height: 1.5;\">orkshop &ldquo;Process-based approaches for Model-Driven Engineering&rdquo;</span></span></li>\r\n<li style=\"text-align: left;\"><span style=\"color: #000000; font-family: arial, sans-serif; font-size: small;\"><span style=\"background-color: transparent; line-height: 1.5;\">&nbsp;</span><span style=\"background-color: transparent; line-height: 1.5;\">Membre du Laboratoire d&rsquo;Informatique et d&rsquo;Ing&eacute;nierie pour l&rsquo;Innovation (LI3) de l&rsquo;Universit&eacute; Assane SECK de Ziguinchor</span></span></li>\r\n</ul>\r\n<div>\r\n<p style=\"text-align: center;\"><strong style=\"background-color: transparent; line-height: 1.5; font-size: 10pt;\"><span style=\"color: #000000; font-family: arial, sans-serif;\">&nbsp;<span style=\"text-indent: 18pt; background-color: transparent; line-height: 1.5; font-size: 10pt;\"><span style=\"text-decoration: underline;\"><span style=\"font-size: 14pt;\">Titre de la th&egrave;se&nbsp;:</span></span></span></span></strong></p>\r\n<p style=\"text-align: center; text-indent: 18pt;\" align=\"center\"><span style=\"color: #000000; font-family: arial, sans-serif;\">&nbsp;</span></p>\r\n<div style=\"border-top: 1pt solid windowtext; border-left: none; border-bottom: 1pt solid windowtext; border-right: none; padding: 1pt 0cm 2pt;\">\r\n<p style=\"text-align: center; margin: 0cm 0cm 0.0001pt; text-indent: 0cm; border: none; padding: 0cm;\"><span style=\"font-size: 16pt; line-height: 24.5333px;\" lang=\"X-NONE\"><span style=\"color: #000000; font-family: arial, sans-serif;\">SPEM4MDE&nbsp;: Un m&eacute;tamod&egrave;le et un environnement pour la mod&eacute;lisation et la mise en &oelig;uvre assist&eacute;e de processus IDM</span></span></p>\r\n</div>\r\n<p style=\"text-align: center; text-indent: 18pt;\" align=\"center\"><span style=\"color: #000000; font-family: arial, sans-serif;\">&nbsp;</span></p>\r\n<p style=\"margin-top: 18pt; text-indent: 0cm;\" align=\"left\"><strong><span style=\"text-decoration: underline;\"><span style=\"font-size: 12pt;\"><span style=\"color: #000000; font-family: arial, sans-serif;\">RESUME&nbsp;:</span></span></span></strong></p>\r\n<p style=\"margin-top: 18pt; line-height: 20px;\"><span style=\"color: #000000; font-family: arial, sans-serif; font-size: small;\"><span style=\"line-height: 19.5px;\" lang=\"X-NONE\">L&rsquo;ing&eacute;nierie dirig&eacute;e par les mod&egrave;les (IDM) connue sous le terme MDE (Model-Driven Engineering) en anglais est une discipline r&eacute;cente du g&eacute;nie logiciel qui recommande l&rsquo;utilisation intensive des mod&egrave;les et des transformations de mod&egrave;les au c&oelig;ur du processus de d&eacute;veloppement logiciel. Dans cette nouvelle perspective, les mod&egrave;les occupent une place de premier plan parmi les art&eacute;facts de d&eacute;veloppement et doivent en contrepartie &ecirc;tre suffisamment pr&eacute;cis et riches afin de pouvoir &ecirc;tre interpr&eacute;t&eacute;s ou transform&eacute;s par des outils. L&rsquo;av&egrave;nement de l&rsquo;IDM a suscit&eacute; beaucoup d&rsquo;int&eacute;r&ecirc;t de la part des organisations qui de fait commencent &agrave; transformer leur processus de d&eacute;veloppement traditionnel en un processus de d&eacute;veloppement dirig&eacute; par les mod&egrave;les&nbsp;</span><span style=\"line-height: 19.5px;\" lang=\"X-NONE\">-</span><span style=\"line-height: 19.5px;\" lang=\"X-NONE\">&nbsp;appel&eacute; aussi&nbsp;<em>processus IDM</em>, ce dernier &eacute;tant<em>&nbsp;</em>vu comme un encha&icirc;nement de transformations de mod&egrave;les, chacune consommant un ou plusieurs mod&egrave;les sources et produisant un ou plusieurs mod&egrave;les cibles.</span></span></p>\r\n<p style=\"margin-top: 18pt; line-height: 20px;\"><span style=\"line-height: 20px;\" lang=\"X-NONE\"><span style=\"color: #000000; font-family: arial, sans-serif; font-size: small;\">Au moment o&ugrave; les processus IDM commencent &agrave; &eacute;merger, nous notons l&rsquo;absence d&rsquo;un langage d&eacute;di&eacute; pour les mod&eacute;liser et les mettre en &oelig;uvre. L&rsquo;int&eacute;r&ecirc;t de la mod&eacute;lisation des processus en g&eacute;n&eacute;ral et des processus IDM en particulier est d&rsquo;utiliser une terminologie unifi&eacute;e et coh&eacute;rente, afin de permettre d&rsquo;une part une communication plus efficace entre les d&eacute;veloppeurs et d&rsquo;autre part un meilleur suivi d&rsquo;un projet de d&eacute;veloppement. La mod&eacute;lisation de processus permet aussi de g&eacute;rer, de faire &eacute;voluer et de r&eacute;utiliser efficacement les mod&egrave;les de processus. L&rsquo;int&eacute;r&ecirc;t de la mise en &oelig;uvre des processus est de permettre un meilleur guidage du d&eacute;veloppement, une v&eacute;rification des contraintes des activit&eacute;s/transformations et la gestion de la coh&eacute;rence des art&eacute;facts/mod&egrave;les du d&eacute;veloppement.</span></span></p>\r\n<p style=\"margin-top: 18pt; line-height: 20px;\"><span style=\"line-height: 20px;\" lang=\"X-NONE\"><span style=\"color: #000000; font-family: arial, sans-serif; font-size: small;\">Le standard SPEM 2.0 d&eacute;di&eacute; &agrave; la mod&eacute;lisation des processus propose des concepts g&eacute;n&eacute;riques qui sont suppos&eacute;s &ecirc;tre capables de d&eacute;crire tout type de processus logiciel ou syst&egrave;me, incluant les processus IDM. Cependant, les concepts de SPEM ne capturent pas la nature exacte des processus IDM. Les concepts de mod&egrave;les, de m&eacute;tamod&egrave;les, de transformation de mod&egrave;les et de leurs diverses relations ne sont pas explicitement pris en compte. D&rsquo;autre part, une autre insuffisance majeure de SPEM r&eacute;side dans le fait qu&rsquo;il n&rsquo;int&egrave;gre pas les concepts relatifs &agrave; la mise en &oelig;uvre des processus. En effet, la sp&eacute;cification de SPEM affirme clairement que cette pr&eacute;occupation n&rsquo;est pas dans le champ d&rsquo;int&eacute;r&ecirc;t de SPEM et propose d&rsquo;ex&eacute;cuter les mod&egrave;les de processus dans un formalisme externe bas&eacute; soit sur les diagrammes d&rsquo;activit&eacute;s UML 2.0, soit sur les machines &agrave; &eacute;tats d&rsquo;UML, soit sur la notation BPMN (Business Process Modeling Notation).</span></span></p>\r\n<p style=\"margin-top: 18pt; line-height: 20px;\"><span style=\"line-height: 20px;\" lang=\"X-NONE\"><span style=\"color: #000000; font-family: arial, sans-serif; font-size: small;\">L&rsquo;objectif de cette th&egrave;se est triple : (1) proposer une extension de SPEM dans laquelle les concepts centraux des processus IDM sont r&eacute;ifi&eacute;s ; (2) proposer un langage d&eacute;di&eacute; &agrave; la mod&eacute;lisation comportementale des processus IDM ; (3) proposer une architecture conceptuelle d&rsquo;un environnement logiciel d&rsquo;aide &agrave; la mod&eacute;lisation et &agrave; la mise en &oelig;uvre des processus IDM. L&rsquo;int&eacute;r&ecirc;t de la r&eacute;ification des concepts IDM est de permettre d&rsquo;une part aux concepteurs de processus d&rsquo;expliciter les aspects sp&eacute;cifiques au d&eacute;veloppement IDM, d&rsquo;autre part de mieux assurer la coh&eacute;rence des mod&egrave;les produits par les transformations. Par exemple pour v&eacute;rifier la relation de conformit&eacute; entre un mod&egrave;le et son m&eacute;tamod&egrave;le, il est important de sp&eacute;cifier les mod&egrave;les et les m&eacute;tamod&egrave;les qui participent &agrave; une transformation.</span></span></p>\r\n<p style=\"margin-top: 18pt; line-height: 20px;\"><span style=\"line-height: 20px;\" lang=\"X-NONE\"><span style=\"color: #000000; font-family: arial, sans-serif; font-size: small;\">Pour r&eacute;pondre aux deux premiers objectifs, nous avons d&eacute;fini un langage de mod&eacute;lisation et de mise en &oelig;uvre des processus IDM sp&eacute;cifi&eacute; formellement sous forme d&rsquo;un m&eacute;tamod&egrave;le appel&eacute; SPEM4MDE. Le m&eacute;tamod&egrave;le SPEM4MDE &eacute;tend certains concepts de SPEM par des concepts relatifs au d&eacute;veloppement IDM (transformation, mod&egrave;le, m&eacute;tamod&egrave;le, outil IDM). La r&eacute;utilisation de SPEM 2.0 a pour principal int&eacute;r&ecirc;t de favoriser l&rsquo;alignement de SPEM4MDE avec ce standard et de permettre ainsi une meilleure diffusion des concepts de SPEM4MDE. Pour r&eacute;duire la complexit&eacute; de SPEM4MDE, nous n&rsquo;avons r&eacute;utilis&eacute; que le paquetage&nbsp;<em>Process Structure</em>&nbsp;de SPEM 2.0 qui fournit les concepts basiques pour d&eacute;crire la partie structurelle d&rsquo;un processus. Pour d&eacute;crire le comportement des processus IDM, SPEM4MDE r&eacute;utilise le paquetage d&rsquo;UML 2.2 Superstructure qui d&eacute;crit les machines &agrave; &eacute;tats d&rsquo;UML. Une machine &agrave; &eacute;tats est compos&eacute;e d&rsquo;&eacute;tats d&eacute;finissant l&rsquo;ensemble des &eacute;tats d&rsquo;un &eacute;l&eacute;ment d&rsquo;un processus IDM et de transitions d&eacute;finissant les op&eacute;rateurs de mise en &oelig;uvre sp&eacute;cifiques &agrave; cet &eacute;l&eacute;ment. SPEM4MDE r&eacute;utilise aussi le m&eacute;tamod&egrave;le QVT afin de sp&eacute;cifier le comportement d&rsquo;une transformation, l&rsquo;int&eacute;r&ecirc;t &eacute;tant de tirer pleinement profit des outils d&rsquo;impl&eacute;mentation et d&rsquo;ex&eacute;cution li&eacute;s &agrave; ce standard.</span></span></p>\r\n<p style=\"margin-top: 18pt; line-height: 20px;\"><span style=\"line-height: 20px;\" lang=\"X-NONE\"><span style=\"color: #000000; font-family: arial, sans-serif; font-size: small;\">Pour r&eacute;pondre au troisi&egrave;me objectif, nous avons &eacute;labor&eacute; une architecture conceptuelle d&rsquo;un environnement fond&eacute; sur une d&eacute;marche en trois &eacute;tapes.</span></span></p>\r\n<p style=\"margin-top: 18pt; line-height: 20px;\"><span style=\"line-height: 20px;\" lang=\"X-NONE\"><span style=\"color: #000000; font-family: arial, sans-serif; font-size: small;\">&nbsp;La premi&egrave;re &eacute;tape a pour but de d&eacute;crire le mod&egrave;le structurel et le mod&egrave;le comportemental d&rsquo;un processus IDM, conform&eacute;ment au m&eacute;tamod&egrave;le SPEM4MDE. Par la suite, ces deux mod&egrave;les sont valid&eacute;s sur la base des contraintes OCL sp&eacute;cifi&eacute;es dans le m&eacute;tamod&egrave;le SPEM4MDE.</span></span></p>\r\n<p style=\"margin-top: 18pt; line-height: 20px;\"><span style=\"line-height: 20px;\" lang=\"X-NONE\"><span style=\"color: #000000; font-family: arial, sans-serif; font-size: small;\">&nbsp;La deuxi&egrave;me &eacute;tape a pour but de r&eacute;utiliser et/ou d&rsquo;adapter les mod&egrave;les d&eacute;finis dans l&rsquo;&eacute;tape pr&eacute;c&eacute;dente aux sp&eacute;cificit&eacute;s d&rsquo;un projet de d&eacute;veloppement d&eacute;termin&eacute; et d&rsquo;assigner les ressources n&eacute;cessaires &agrave; la mise en &oelig;uvre (d&eacute;veloppeurs, outils, espaces de travail, &hellip;).</span></span></p>\r\n<p style=\"margin-top: 18pt; line-height: 20px;\"><span style=\"line-height: 20px;\" lang=\"X-NONE\"><span style=\"color: #000000; font-family: arial, sans-serif; font-size: small;\">La troisi&egrave;me et derni&egrave;re &eacute;tape de cette d&eacute;marche est la mise en &oelig;uvre du mod&egrave;le de processus adapt&eacute;. Elle est r&eacute;alis&eacute;e par les d&eacute;veloppeurs du projet en utilisant les outils IDM mis &agrave; leur disposition. Les d&eacute;veloppeurs sont assist&eacute;s dans leurs t&acirc;ches par un environnement de mise en &oelig;uvre qui s&rsquo;appuie sur les mod&egrave;les comportementaux du processus. Cette &eacute;tape produit les livrables du projet (code, mod&egrave;les, documentation, etc.).</span></span></p>\r\n<p style=\"margin-top: 18pt; line-height: 20px;\"><span style=\"line-height: 20px;\" lang=\"X-NONE\"><span style=\"color: #000000; font-family: arial, sans-serif; font-size: small;\">Pour valider notre approche, un prototype a &eacute;t&eacute; d&eacute;velopp&eacute; sous l&rsquo;environnement TOPCASED. Ce prototype fournit d&rsquo;une part un &eacute;diteur graphique pour la mod&eacute;lisation structurelle et comportementale des processus IDM et d&rsquo;autre part un environnement de mise en &oelig;uvre s&rsquo;appuyant sur les mod&egrave;les comportementaux des processus. Nous avons &eacute;galement appliqu&eacute; notre approche &agrave; une &eacute;tude de cas significatif: le processus UWE (UML-based Web Engineering), qui est un processus IDM d&eacute;di&eacute; au d&eacute;veloppement d&rsquo;applications web.</span></span></p>\r\n<p style=\"margin-top: 18pt; text-indent: 0cm; line-height: 20px;\"><span style=\"color: #000000; font-family: arial, sans-serif; font-size: small;\"><strong><span style=\"line-height: 19.5px;\" lang=\"X-NONE\">Mots cl&eacute;s:</span></strong><span style=\"line-height: 19.5px;\" lang=\"X-NONE\">&nbsp;Ing&eacute;nierie Dirig&eacute;e par les Mod&egrave;les (IDM), Transformation de Mod&egrave;les, Langage de Mod&eacute;lisation de Processus (LMP), D&eacute;veloppement dirig&eacute; par les mod&egrave;les, Processus IDM, Processus UWE, Atelier de G&eacute;nie Logiciel centr&eacute;-Processus (AGLP), TOPCASED</span></span></p>\r\n<p style=\"margin-top: 18pt; text-indent: 0cm;\" align=\"left\"><strong><span style=\"text-decoration: underline;\"><span style=\"font-size: 12pt;\"><span style=\"color: #000000; font-family: arial, sans-serif;\">Perspectives de Recherche&nbsp;:</span></span></span></strong></p>\r\n<p style=\"line-height: 20px;\"><span style=\"line-height: 20px;\" lang=\"X-NONE\"><span style=\"color: #000000; font-family: arial, sans-serif; font-size: small;\">L&rsquo;approche propos&eacute;e dans cette th&egrave;se comporte actuellement certaines limitations. La premi&egrave;re limitation est d&ucirc;e au fait que le m&eacute;tamod&egrave;le SPEM4MDE n&rsquo;&eacute;tend que la partie Process Structure de SPEM 2.0, en laissant de c&ocirc;t&eacute; les paquetages de SPEM relatifs &agrave; la r&eacute;utilisation d&rsquo;&eacute;lements de processus (Method Content, Managed Content, Process With Methods, Method Plug-in). L&rsquo;extension du seul paquetage Process Structure de SPEM 2.0 &eacute;tait motiv&eacute;e par le fait que nous avons cherch&eacute; &agrave; focaliser notre attention d&rsquo;abord sur les concepts permettant de d&eacute;crire les aspects structurels et comportementaux d&rsquo;un processus MDE sans se soucier de la r&eacute;utilisation. Cependant, l&rsquo;architecture que nous avons propos&eacute;e permet d&rsquo;int&eacute;grer facilement les autres paquetages de SPEM dans le m&eacute;tamod&egrave;le SPEM4MDE. En effet, il suffit de cr&eacute;er dans SPEM4MDE&nbsp;: un paquetage MDEMethodContent qui &eacute;tendra le paquetage SPEM::MethodContent en y int&eacute;grant les d&eacute;finitions de transformations&nbsp;; un paquetage MDEProcessWithMDEMethods qui &eacute;tend les paquetages SPEM:ProcessWithMethods et MDEMethodContent afin de r&eacute;utiliser les transformations d&eacute;finies dans MDEMethodContent et les lier selon un ordre d&rsquo;ex&eacute;cution&nbsp;; et enfin un paquetage MDEMehtodPlugin qui &eacute;tend SPEM::MethodPlugin et MDEProcessWithMDEMethods afin de r&eacute;utiliser les concepts des plug-in introduits de SPEM.</span></span></p>\r\n<p style=\"line-height: 20px;\"><span style=\"line-height: 20px;\" lang=\"X-NONE\"><span style=\"color: #000000; font-family: arial, sans-serif; font-size: small;\">Une deuxi&egrave;me limitation de notre approche r&eacute;side dans le fait qu&rsquo;elle ne prend pas en compte les aspects collaboratifs des processus de d&eacute;veloppement logiciel. Ces aspects soul&egrave;vent de nombreuses questions, loin d&rsquo;&ecirc;tre triviales, par exemple&nbsp;: comment assurer la coordination des d&eacute;veloppeurs qui travaillent sur un m&ecirc;me art&eacute;fact&nbsp;? Comment mod&eacute;liser les sc&eacute;narii de collaboration&nbsp;? Quel sc&eacute;nario de collaboration faut-il appliquer dans telle ou telle situation&nbsp;? D&rsquo;autre part, si la gestion de la coh&eacute;rence des versions est relativement ma&icirc;tris&eacute; dans le cadre art&eacute;facts textuels (documents, codes sources), il n&rsquo;en est pas de m&ecirc;me pour les mod&egrave;les du fait de leur caract&egrave;re non arborescent qui peut conduire &agrave; de multiples d&eacute;pendances dans le cas de mod&egrave;les de grande taille notamment. Comment pourrait-on alors adapter les techniques classiques de gestion des versions dans le cadre d&rsquo;un d&eacute;veloppement collaboratif IDM&nbsp;?</span></span></p>\r\n<p style=\"line-height: 20px;\"><span style=\"line-height: 20px;\" lang=\"X-NONE\"><span style=\"color: #000000; font-family: arial, sans-serif; font-size: small;\">Deux autres limitations du travail r&eacute;alis&eacute; dans cette th&egrave;se rel&egrave;vent de l&rsquo;impl&eacute;mentation. Tout d&rsquo;abord, dans sa version actuelle, le prototype SPEM4MDE-PSEE que nous avons d&eacute;velopp&eacute; contient &agrave; la fois le module d&rsquo;&eacute;dition de mod&egrave;les de processus SPEM4MDE Process Editor et le module de mise en &oelig;uvre SPEM4MDE Process Enactment Engine. Par cons&eacute;quent, c&rsquo;est dans le m&ecirc;me environnement que le concepteur de processus (Process Designer) d&eacute;crit un mod&egrave;le processus IDM, le chef de projet adapte ce mod&egrave;le et le d&eacute;veloppeur proc&egrave;de &agrave; sa mise en &oelig;uvre. Cependant, comme pr&eacute;sent&eacute; dans l&rsquo;architecture du prototype SPEM4MDE-PSEE, l&rsquo;id&eacute;al serait de d&eacute;crire un processus IDM avec le module &laquo;&nbsp;SPEM4MDE Process Editor&nbsp;&raquo;, puis de le packager et de le sauvegarder dans le &laquo;MDE Process Repository&nbsp;&raquo;. Par la suite un chef de projet pourra s&eacute;lectionner un mod&egrave;le de processus dans ce &laquo;&nbsp;repository&nbsp;&raquo;, proc&eacute;der &agrave; son adaptation pour un projet sp&eacute;cifique puis lancer sa mise en &oelig;uvre. L&rsquo;autre limitation r&eacute;side dans le fait que le prototype n&rsquo;offre actuellement qu&rsquo;une version mono-d&eacute;veloppeur. Il n&eacute;cessite d&rsquo;&ecirc;tre &eacute;tendu &agrave; une version multi-d&eacute;veloppeur bas&eacute;e sur une architecture client-serveur.</span></span></p>\r\n<p style=\"line-height: 20px;\"><span style=\"line-height: 20px;\" lang=\"X-NONE\"><span style=\"color: #000000; font-family: arial, sans-serif; font-size: small;\">Enfin, une autre perspective d&rsquo;extension serait d&rsquo;offrir un environnement de mise &oelig;uvre int&eacute;grant la tra&ccedil;abilit&eacute;, aussi bien des transformations de mod&egrave;les que de la mise en &oelig;uvre des processus. La tra&ccedil;abilit&eacute; des transformations permettrait de garder les traces d&rsquo;ex&eacute;cution de chaque r&egrave;gle d&rsquo;une transformation, de v&eacute;rifier si une r&egrave;gle a &eacute;t&eacute; d&eacute;j&agrave; ex&eacute;cut&eacute;e ou non, de d&eacute;boguer une transformation et ses mod&egrave;les associ&eacute;s et enfin de synchroniser les mod&egrave;les source et cible d&rsquo;une transformation. La tra&ccedil;abilit&eacute; de la mise en &oelig;uvre des processus permettrait, quant &agrave; elle, d&rsquo;int&eacute;grer diff&eacute;rentes techniques de l&rsquo;ing&eacute;nierie des processus telles que l&rsquo;&eacute;valuation (Process Assesment), l&rsquo;am&eacute;lioration (Process Improvement), la gestion des risques (Risk management), le pilotage et l&rsquo;aide &agrave; la d&eacute;cision au cours du d&eacute;veloppement (Process Descision Support), etc.</span></span></p>\r\n</div>\r\n</div>\r\n</td>\r\n</tr>\r\n</tbody>\r\n</table>\r\n</div>\r\n</div>", "encadrements": "<ul style=\"font-family: Arial, Verdana, sans-serif; font-size: 13.3333px;\">\r\n<li><span style=\"font-family: arial, sans-serif;\"><strong><span style=\"font-size: medium;\">Abou Syllaba NDIAYE</span></strong><span style=\"font-size: small;\">: &nbsp;M&eacute;moire de fin de cycle Ing&eacute;nieur:&nbsp;</span><strong style=\"font-size: small;\">Mise en place d'un dispositif d'aide &agrave; la d&eacute;cision pour solutionner la probl&eacute;matique de l'emploi au S&eacute;n&eacute;gal</strong><span style=\"font-size: small;\">: Soutenu le Mercredi 13 Aout 2014 &agrave; l'ESP</span></span></li>\r\n<li><span style=\"font-family: arial, sans-serif;\"><strong><span style=\"font-size: medium;\">Amadou Oury Diallo:</span></strong><span style=\"font-size: small;\">&nbsp;&nbsp;M&eacute;moire MASTER MIAGE&nbsp;</span><span style=\"font-size: small; text-align: center; background-color: transparent;\"><span style=\"line-height: 19.5px;\"><strong>MISE EN PLACE D&rsquo;UN SERVEUR DE ToIP SUR LE RESEAU DE L&rsquo;UNIVERSITE Assane Seck de Ziguinchor &nbsp; &nbsp;Soutenu l</strong>e 15 Janvier 2014 &agrave; l'UASZ</span></span></span></li>\r\n<li><span style=\"font-family: arial, sans-serif;\"><span style=\"text-align: center; background-color: transparent;\"><span style=\"line-height: 20px;\"><span style=\"font-size: medium;\"><strong>Lamine FATY</strong></span><span style=\"font-size: small;\">: M&eacute;moire MASTER MIAGE (soutenu en Octobre 2014 ) &nbsp;A</span><strong style=\"font-size: small;\">utomatisation de la gestion de la comptabilit&eacute; des mati&egrave;res &agrave; l'Universit&eacute; Assane Seck de Ziguinchor</strong></span></span></span></li>\r\n</ul>", "photo": "photos/Photo_Samba_QE9GcRj.jpeg", "slug": "diaw_samba"}}, {"model": "dgi.agent", "pk": 4, "fields": {"compte": 11, "matricule": "178 102/A", "telephone": "", "profession": 1, "is_laborantin": true, "curriculum": null, "cv": "<p></p>", "parcours_pro": null, "parcours_aca": null, "enseignements": "This is a text", "recherches": "This is a text", "encadrements": "This is a text", "photo": "", "slug": "slugy"}}, {"model": "dgi.agent", "pk": 5, "fields": {"compte": 12, "matricule": "100 166/Z", "telephone": "77 641 42 99", "profession": 1, "is_laborantin": false, "curriculum": "pi", "cv": "<p></p>", "parcours_pro": "pi", "parcours_aca": "pi", "enseignements": "This is a text", "recherches": "This is a text", "encadrements": "This is a text", "photo": "photos/profil-200x200_wsGK9N6.jpg", "slug": "bah_alassane"}}, {"model": "dgi.agent", "pk": 6, "fields": {"compte": 13, "matricule": "100 337/F", "telephone": "77 654 73 44", "profession": 1, "is_laborantin": false, "curriculum": "pi", "cv": "<p></p>", "parcours_pro": "pi", "parcours_aca": "pi", "enseignements": "This is a text", "recherches": "This is a text", "encadrements": "This is a text", "photo": "photos/profil-200x200.jpg", "slug": "badiane_daouda"}}, {"model": "dgi.agent", "pk": 7, "fields": {"compte": 14, "matricule": "100 213/C", "telephone": "77 534 79 40", "profession": 1, "is_laborantin": false, "curriculum": "pi", "cv": "<p></p>", "parcours_pro": "pi", "parcours_aca": "pi", "enseignements": "This is a text", "recherches": "This is a text", "encadrements": "This is a text", "photo": "photos/profil-200x200_5CAJ8XX.jpg", "slug": "balde_samba"}}, {"model": "dgi.agent", "pk": 8, "fields": {"compte": 15, "matricule": "106 293 /", "telephone": "77 395 54 22", "profession": 1, "is_laborantin": false, "curriculum": "pi", "cv": "<p></p>", "parcours_pro": "pi", "parcours_aca": "pi", "enseignements": "This is a text", "recherches": "This is a text", "encadrements": "This is a text", "photo": "photos/profil-200x200_9SsVNhq.jpg", "slug": "camara_samba"}}, {"model": "dgi.agent", "pk": 9, "fields": {"compte": 16, "matricule": "101 034/A", "telephone": "77 631 77 76", "profession": 1, "is_laborantin": false, "curriculum": "pi", "cv": "<p></p>", "parcours_pro": "pi", "parcours_aca": "pi", "enseignements": "This is a text", "recherches": "This is a text", "encadrements": "This is a text", "photo": "photos/profil-200x200_G5t5K1j.jpg", "slug": "corenthin_alex"}}, {"model": "dgi.agent", "pk": 10, "fields": {"compte": 17, "matricule": "101 154/B", "telephone": "77 641 32 35", "profession": 1, "is_laborantin": false, "curriculum": "pi", "cv": "<p></p>", "parcours_pro": "pi", "parcours_aca": "pi", "enseignements": "This is a text", "recherches": "This is a text", "encadrements": "This is a text", "photo": "photos/profil-200x200_9xY2AhE.jpg", "slug": "diene_aminata"}}, {"model": "dgi.agent", "pk": 11, "fields": {"compte": 18, "matricule": "100 468/E", "telephone": "77 531 27 10", "profession": 1, "is_laborantin": false, "curriculum": "pi", "cv": "<p></p>", "parcours_pro": "pi", "parcours_aca": "pi", "enseignements": "This is a text", "recherches": "This is a text", "encadrements": "This is a text", "photo": "photos/profil-200x200_LEjCt9O.jpg", "slug": "dioum_ibra"}}, {"model": "dgi.agent", "pk": 12, "fields": {"compte": 19, "matricule": "100 335/D", "telephone": "77 531 40 37", "profession": 1, "is_laborantin": false, "curriculum": "pi", "cv": "<p></p>", "parcours_pro": "pi", "parcours_aca": "pi", "enseignements": "This is a text", "recherches": "This is a text", "encadrements": "This is a text", "photo": "photos/profil-200x200_7ops6DJ.jpg", "slug": "i_fall"}}, {"model": "dgi.agent", "pk": 13, "fields": {"compte": 20, "matricule": "102 047/Z", "telephone": "77 658 24 52", "profession": 1, "is_laborantin": false, "curriculum": "pi", "cv": "<p></p>", "parcours_pro": "pi", "parcours_aca": "pi", "enseignements": "This is a text", "recherches": "This is a text", "encadrements": "This is a text", "photo": "photos/profil-200x200_2YVKDpB.jpg", "slug": "o_fall"}}, {"model": "dgi.agent", "pk": 14, "fields": {"compte": 21, "matricule": "102 222 /", "telephone": "77 637 16 37", "profession": 1, "is_laborantin": false, "curriculum": "pi", "cv": "<p></p>", "parcours_pro": "pi", "parcours_aca": "pi", "enseignements": "This is a text", "recherches": "This is a text", "encadrements": "This is a text", "photo": "photos/profil-200x200_3ffkUfy.jpg", "slug": "farssy_sidi"}}, {"model": "dgi.agent", "pk": 15, "fields": {"compte": 22, "matricule": "102 530/A", "telephone": "77 578 28 38", "profession": 1, "is_laborantin": false, "curriculum": "pi", "cv": "<p></p>", "parcours_pro": "pi", "parcours_aca": "pi", "enseignements": "This is a text", "recherches": "This is a text", "encadrements": "This is a text", "photo": "photos/profil-200x200_IEOQY6N.jpg", "slug": "gaye_thierno"}}, {"model": "dgi.agent", "pk": 16, "fields": {"compte": 23, "matricule": "353 621/D", "telephone": "77 545 14 11", "profession": 1, "is_laborantin": false, "curriculum": "pi", "cv": "<p></p>", "parcours_pro": "pi", "parcours_aca": "pi", "enseignements": "This is a text", "recherches": "This is a text", "encadrements": "This is a text", "photo": "photos/profil-200x200_jn9yooL.jpg", "slug": "ka_oury"}}, {"model": "dgi.agent", "pk": 17, "fields": {"compte": 24, "matricule": "104 989/E", "telephone": "77 548 38 41", "profession": 1, "is_laborantin": false, "curriculum": "pi", "cv": "<p></p>", "parcours_pro": "pi", "parcours_aca": "pi", "enseignements": "This is a text", "recherches": "This is a text", "encadrements": "This is a text", "photo": "photos/profil-200x200_3rJ5hCi.jpg", "slug": "wane_keita"}}, {"model": "dgi.agent", "pk": 18, "fields": {"compte": 25, "matricule": "104 433/A", "telephone": "77 575 64 90", "profession": 1, "is_laborantin": false, "curriculum": "pi", "cv": "<p></p>", "parcours_pro": "pi", "parcours_aca": "pi", "enseignements": "This is a text", "recherches": "This is a text", "encadrements": "This is a text", "photo": "photos/profil-200x200_9L9Enfq.jpg", "slug": "mbacke_ahmath"}}, {"model": "dgi.agent", "pk": 19, "fields": {"compte": 26, "matricule": "101 045/A", "telephone": "70 100 65 02", "profession": 1, "is_laborantin": false, "curriculum": "pi", "cv": "<p></p>", "parcours_pro": "pi", "parcours_aca": "pi", "enseignements": "This is a text", "recherches": "This is a text", "encadrements": "This is a text", "photo": "photos/profil-200x200_X8w86Qp.jpg", "slug": "mendy_gervais"}}, {"model": "dgi.agent", "pk": 20, "fields": {"compte": 27, "matricule": "104 424/A", "telephone": "77 655 50 39", "profession": 1, "is_laborantin": false, "curriculum": "pi", "cv": "<p></p>", "parcours_pro": "pi", "parcours_aca": "pi", "enseignements": "This is a text", "recherches": "This is a text", "encadrements": "This is a text", "photo": "photos/profil-200x200_xFfFESX.jpg", "slug": "ngom_ibra"}}, {"model": "dgi.agent", "pk": 21, "fields": {"compte": 28, "matricule": "103 119/E", "telephone": "77 531 62 62", "profession": 1, "is_laborantin": false, "curriculum": "pi", "cv": "<p></p>", "parcours_pro": "pi", "parcours_aca": "pi", "enseignements": "This is a text", "recherches": "This is a text", "encadrements": "This is a text", "photo": "photos/profil-200x200_ZpV0iF5.jpg", "slug": "niang_mamadou"}}, {"model": "dgi.agent", "pk": 22, "fields": {"compte": 29, "matricule": "103 614/E", "telephone": "77 637 27 89", "profession": 1, "is_laborantin": false, "curriculum": "pi", "cv": "<p></p>", "parcours_pro": "pi", "parcours_aca": "pi", "enseignements": "This is a text", "recherches": "This is a text", "encadrements": "This is a text", "photo": "photos/profil-200x200_qRsehIv.jpg", "slug": "ouya_samuel"}}, {"model": "dgi.agent", "pk": 23, "fields": {"compte": 30, "matricule": "103 948/I", "telephone": "null", "profession": 1, "is_laborantin": false, "curriculum": "pi", "cv": "<p></p>", "parcours_pro": "pi", "parcours_aca": "pi", "enseignements": "This is a text", "recherches": "This is a text", "encadrements": "This is a text", "photo": "photos/profil-200x200_jJzfblb.jpg", "slug": "sarr_oumar"}}, {"model": "dgi.agent", "pk": 24, "fields": {"compte": 31, "matricule": "103 145/B", "telephone": "77 639 50 58", "profession": 1, "is_laborantin": false, "curriculum": "pi", "cv": "<p></p>", "parcours_pro": "pi", "parcours_aca": "pi", "enseignements": "This is a text", "recherches": "This is a text", "encadrements": "This is a text", "photo": "photos/profil-200x200_fH1STqY.jpg", "slug": "seck_ndella"}}, {"model": "dgi.agent", "pk": 25, "fields": {"compte": 32, "matricule": "104 083/J", "telephone": "77 569 17 49", "profession": 1, "is_laborantin": false, "curriculum": "pi", "cv": "<p></p>", "parcours_pro": "pi", "parcours_aca": "pi", "enseignements": "This is a text", "recherches": "This is a text", "encadrements": "This is a text", "photo": "photos/profil-200x200_DriNqyg.jpg", "slug": "seck_tidj"}}, {"model": "dgi.agent", "pk": 26, "fields": {"compte": 2, "matricule": "passer", "telephone": "771827530", "profession": 2, "is_laborantin": false, "curriculum": "vol", "cv": "<p></p>", "parcours_pro": "pi", "parcours_aca": "pi", "enseignements": "This is a text", "recherches": "This is a text", "encadrements": "This is a text", "photo": "photos/20160504_120904.jpg", "slug": "admin"}}, {"model": "dgi.profession", "pk": 1, "fields": {"libelle": "Enseignant-Chercheur", "specialite": 1}}, {"model": "dgi.profession", "pk": 2, "fields": {"libelle": "Administrateur", "specialite": 1}}, {"model": "dgi.specialite", "pk": 1, "fields": {"libelle": "Informatique"}}, {"model": "dgi.specialite", "pk": 2, "fields": {"libelle": "T\u00e9l\u00e9communication"}}, {"model": "dgi.laboratoire", "pk": 1, "fields": {"libelle": "Laboratoire d\u2019Informatique, R\u00e9seaux et T\u00e9l\u00e9coms", "code": "LIRT", "description": "Lorem ipsum dolor sit amet, consectetur adipisicing elit, sed do eiusmod tempor incididunt ut labore et dolore magna aliqua Lorem ipsum dolor sit amet, consectetur adipisicing elit.", "chef": 22}}, {"model": "dgi.laboratoire", "pk": 2, "fields": {"libelle": "Laboratoire d\u2019Imagerie M\u00e9dicale et Bio Informatique", "code": "LIMBI", "description": "Lorem ipsum dolor sit amet, consectetur adipisicing elit, sed do eiusmod tempor incididunt ut labore et dolore magna aliqua Lorem ipsum dolor sit amet, consectetur adipisicing elit.", "chef": 14}}, {"model": "dgi.configuration", "pk": 1, "fields": {"mission_departement": "Former des Techniciens sup\u00e9rieurs, Assistants ing\u00e9nieurs, des Ing\u00e9nieurs en Informatique T\u00e9l\u00e9-Informatique et en T\u00e9l\u00e9communication\r\n\r\nMener des activit\u00e9s de recherche dans les domaines sus-mentionn\u00e9s visant au perfectionnement permanent, \u00e0 l\u2019adaptation et \u00e0 la participation \u00e0 l\u2019\u00e9volution scientifique et technologique \r\n\r\nProc\u00e9der \u00e0 des expertises dans le cadre de la formation \u00e0 l\u2019intention des entreprises publiques et priv\u00e9es.", "mot_du_chef": "Comme indiqu\u00e9 voil\u00e0 le mot du chef de d\u00e9partement\r\nDonec volutpat nibh sit amet libero ornare non laoreet arcu luctus. Donec id arcu quis mauris euismod placerat sit amet ut metus. Sed imperdiet fringilla sem eget euismod. Pellentesque habitant morbi tristique senectus et netus et malesuada fames ac turpis egestas. Pellentesque adipiscing, neque ut pulvinar tincidunt, est sem euismod odio, eu ullamcorper turpis nisl sit amet velit. Nullam vitae nibh odio, non scelerisque nibh. Vestibulum ut est augue, in varius purus.", "chef_de_departement": 5, "photo_du_chef": "photos/profil-200x200_UXyKRcm.jpg"}}, {"model": "dgi.typeinformation", "pk": 1, "fields": {"libelle": "Information"}}, {"model": "dgi.typeinformation", "pk": 2, "fields": {"libelle": "Activit\u00e9"}}, {"model": "dgi.typeinformation", "pk": 3, "fields": {"libelle": "Emplois du Temps"}}, {"model": "dgi.categoriepublication", "pk": 3, "fields": {"libelle": "Conf\u00e9rence"}}, {"model": "dgi.categoriepublication", "pk": 4, "fields": {"libelle": "Th\u00e8se"}}, {"model": "dgi.categoriepublication", "pk": 5, "fields": {"libelle": "Livre"}}, {"model": "dgi.categoriepublication", "pk": 6, "fields": {"libelle": "Ouvrages de Synth\u00e8se"}}, {"model": "dgi.categoriepublication", "pk": 7, "fields": {"libelle": "Num\u00e9ros sp\u00e9ciaux de revues"}}, {"model": "dgi.categoriepublication", "pk": 8, "fields": {"libelle": "Actes de conf\u00e9rences et de workshops"}}, {"model": "dgi.categoriepublication", "pk": 9, "fields": {"libelle": "Articles de revues internationales"}}, {"model": "dgi.information", "pk": 1, "fields": {"titre": "Le D\u00e9partement G\u00e9nie Informatique a un nouveau site", "contenu": "Le d\u00e9partement g\u00e9nie informatique viens d\u2019acqu\u00e9rir un nouveau site pour une bonne visibilit\u00e9 de l'\u00e9tablissement , du personnel enseignant, de m\u00eame que ses activit\u00e9s", "image": "information_image/amphi.jpg", "slug": "nouv_dep_dgi", "type": 1, "date": "2017-03-15", "fichier": "", "vue": 14}}, {"model": "dgi.information", "pk": 2, "fields": {"titre": "[Important] D\u00e9lai de D\u00e9p\u00f4t de Dossier de Candidature", "contenu": "La cl\u00f4ture des d\u00e9p\u00f4ts de dossier de candidature, conform\u00e9ment au d\u00e9cret mise en place \u00e0 cette effet, est fix\u00e9e \u00e0 la date du 23 juin, et ceci pour toute les formations.", "image": "information_image/entr\u00e9e_esp.jpg", "slug": "fin_depot_candidat", "type": 1, "date": "2017-03-15", "fichier": "", "vue": 35}}, {"model": "dgi.information", "pk": 3, "fields": {"titre": "[Emplois du Temps] Master 2 GLSI Mai08", "contenu": "L'emplois du temps des Masters 2 G\u00e9nie Logiciel et Syst\u00e8me d'information", "image": "information_image/dgi.png", "slug": "emplois_master_mai_08", "type": 3, "date": "2017-06-20", "fichier": "information_fichier/2017/06/20/S1_Avril_25.xlsx", "vue": 9}}, {"model": "dgi.publication", "pk": 2, "fields": {"titre": "Un m\u00e9tamod\u00e9le et un environnement pour la mod\u00e9lisation et la mise en oeuvre assist\u00e9e de processus IDM (th\u00e8se de S. Diaw)", "pages": "15", "vues": 0, "annee": 2014, "lien": "", "reference": "https://www.presses-academiques.com/", "libelle_reference": "Presses Acad\u00e9miques Francophones", "detail_reference": "ISBN 978-3-8381-4168-8", "date_post": "2017-03-14", "auteurs": [2], "categorie": [5]}}, {"model": "dgi.publication", "pk": 3, "fields": {"titre": "Mod\u00e8les et espace technologique des syst\u00e8mes d'information. Dans : Revue des Sciences et Technologies de l'Information, s\u00e9rie Ing\u00e9nierie des Syst\u00e8mes", "pages": "15", "vues": 0, "annee": 2008, "lien": "", "reference": "http://www.editions-hermes.fr/", "libelle_reference": "Lavoisier", "detail_reference": "Meudon - France, Vol. 85", "date_post": "2017-03-14", "auteurs": [12], "categorie": [4]}}, {"model": "dgi.departement", "pk": 1, "fields": {"libelle": "D\u00e9partement G\u00e9nie Informatique"}}, {"model": "dgi.serie", "pk": 1, "fields": {"libelle": "S"}}, {"model": "dgi.serie", "pk": 2, "fields": {"libelle": "G"}}, {"model": "dgi.serie", "pk": 3, "fields": {"libelle": "L"}}, {"model": "dgi.formation", "pk": 1, "fields": {"libelle": "DUT en Informatique", "code": "DUTINFO", "departement": 1, "is_initial": true, "serie": [1]}}, {"model": "dgi.formation", "pk": 2, "fields": {"libelle": "DUT en T\u00e9l\u00e9communications et R\u00e9seaux", "code": "DUTTR", "departement": 1, "is_initial": true, "serie": [1]}}, {"model": "dgi.formation", "pk": 3, "fields": {"libelle": "DIC en T\u00e9l\u00e9communications et R\u00e9seaux", "code": "DICTR", "departement": 1, "is_initial": false, "serie": [1]}}, {"model": "dgi.formation", "pk": 4, "fields": {"libelle": "DIC en Informatique", "code": "DICI", "departement": 1, "is_initial": true, "serie": [1]}}, {"model": "dgi.formation", "pk": 5, "fields": {"libelle": "DST en Informatique", "code": "DSTI", "departement": 1, "is_initial": false, "serie": [1]}}, {"model": "dgi.formation", "pk": 6, "fields": {"libelle": "DST en T\u00e9l\u00e9communications et R\u00e9seaux", "code": "DSTTR", "departement": 1, "is_initial": false, "serie": [1]}}, {"model": "dgi.formation", "pk": 7, "fields": {"libelle": "Licence G\u00e9nie Logiciel et Syst\u00e8me d'Information", "code": "LGLSI", "departement": 1, "is_initial": false, "serie": [1]}}, {"model": "dgi.formation", "pk": 8, "fields": {"libelle": "Licence Syst\u00e8me,R\u00e9seaux et T\u00e9l\u00e9communications", "code": "LSRT", "departement": 1, "is_initial": false, "serie": [1]}}, {"model": "dgi.formation", "pk": 9, "fields": {"libelle": "Master Syst\u00e8me,R\u00e9seaux et T\u00e9l\u00e9communications", "code": "MSRT", "departement": 1, "is_initial": false, "serie": [1]}}, {"model": "dgi.formation", "pk": 10, "fields": {"libelle": "Master G\u00e9nie Logiciel et Syst\u00e8me d'Information", "code": "MGLSI", "departement": 1, "is_initial": false, "serie": [1]}}, {"model": "dgi.formation", "pk": 11, "fields": {"libelle": "Master Global e-Business", "code": "MGEB", "departement": 1, "is_initial": false, "serie": [1]}}, {"model": "dgi.candidat", "pk": 1, "fields": {"compte": 5, "is_confirmed": true, "formation_asked": null, "telephone": "771827530"}}, {"model": "dgi.candidat", "pk": 2, "fields": {"compte": 6, "is_confirmed": false, "formation_asked": null, "telephone": "771827530"}}, {"model": "dgi.candidat", "pk": 3, "fields": {"compte": 7, "is_confirmed": false, "formation_asked": null, "telephone": "77855"}}]